<?xml version="1.0" encoding="UTF-8"?>
<!DOCTYPE mapper PUBLIC "-//mybatis.org//DTD Mapper 3.0//EN" "http://mybatis.org/dtd/mybatis-3-mapper.dtd">
<mapper namespace="com.ww.repository.UserRepository">

    <select id="findAll" resultType="User">
        select * from t_user limit #{param1},#{param2}
    </select>
    <select id="count" resultType="int">
        select count(id) from t_user
    </select>

    <select id="findById" parameterType="long" resultType="User">
        select * from t_user where id=#{id}
    </select>
    <insert id="save" parameterType="User">
        insert into t_user(username,password,nickname,gender,telephone,registerdate,address)values(#{username},#{password},#{nickname},#{gender},#{telephone},#{registerdate},#{address})
    </insert>
    <update id="update" parameterType="User">
        update t_user set username=#{username},password=#{password},nickname=#{nickname},gender=#{gender},telephone=#{telephone},registerdate=#{registerdate},address=#{address} where id=#{id}
    </update>
    <delete id="delete" parameterType="long">
        delete from t_user where id=#{id}
    </delete>
</mapper>