<?xml version="1.0" encoding="UTF-8"?>
<!DOCTYPE mapper PUBLIC "-//mybatis.org//DTD Mapper 3.0//EN" "http://mybatis.org/dtd/mybatis-3-mapper.dtd">
<mapper namespace="com.ww.repository.OrderRepository">
    <insert id="save" parameterType="Order">
        insert into t_order(uid,mid,date,state) values(#{user.id},#{menu.id},#{date},0);
    </insert>
    <resultMap id="orderMap" type="com.ww.entity.Order">
        <id column="id" property="id"></id>
        <result column="date" property="date"></result>
        <result column="state" property="state"></result>
        <association property="menu" select="com.ww.repository.MenuRepository.findById" column="mid"></association>
    </resultMap>
    <select id="findAllByUid" resultMap="orderMap">
        select * from t_order where uid=#{param3} limit #{param1},#{param2}
    </select>
    <select id="countByUid" resultType="java.lang.Integer" parameterType="int">
        select count(id) from t_order where uid=#{uid}
    </select>

</mapper>