<?xml version="1.0" encoding="UTF-8"?>
<!DOCTYPE mapper PUBLIC "-//mybatis.org//DTD Mapper 3.0//EN" "http://mybatis.org/dtd/mybatis-3-mapper.dtd">
<mapper namespace="com.ww.repository.MenuRepository">
    <!-- 配置查询所有操作 -->
    <resultMap id="menuMap" type="com.ww.entity.Menu">
        <id column="id" property="id"></id>
        <result column="name" property="name"></result>
        <result column="price" property="price"></result>
        <result column="flavor" property="flavor"></result>
        <association property="type" select="com.ww.repository.TypeRepository.findById" column="tid"></association>
    </resultMap>
    <select id="findAll" resultMap="menuMap">
        select * from t_menu limit #{param1},#{param2}
    </select>
    <select id="count" resultType="int">
        select count(id) from t_menu
    </select>

    <select id="findById" parameterType="long" resultMap="menuMap">
        select * from t_menu where id=#{id}
    </select>
    <insert id="save" parameterType="com.ww.entity.Menu">
        insert into t_menu(name,price,flavor,tid)values(#{name},#{price},#{flavor},#{type.id})
    </insert>
    <update id="update" parameterType="com.ww.entity.Menu">
        update t_menu set name=#{name},price=#{price},flavor=#{flavor},tid=#{type.id} where id=#{id}
    </update>
    <delete id="delete" parameterType="long">
        delete from t_menu where id=#{id}
    </delete>
</mapper>